{"cameraMode":{"drawMode":0,"name":"Shaded","section":"Shading Mode"},"sceneLighting":false,"audioPlay":false,"sceneViewState":{"m_AlwaysRefresh":false,"showFog":true,"showSkybox":false,"showFlares":true,"showImageEffects":true,"showParticleSystems":true,"showVisualEffectGraphs":true,"m_FxEnabled":true},"in2DMode":false,"pivot":{"x":-10.346711158752442,"y":-6.08630895614624,"z":14.75052261352539},"rotation":{"x":0.19401666522026063,"y":0.019980650395154954,"z":-0.003998528700321913,"w":0.980745255947113},"size":23.466575622558595,"orthographic":false}