{"cameraMode":{"drawMode":0,"name":"Shaded","section":"Shading Mode"},"sceneLighting":true,"audioPlay":false,"sceneViewState":{"m_AlwaysRefresh":false,"showFog":true,"showSkybox":true,"showFlares":true,"showImageEffects":true,"showParticleSystems":true,"showVisualEffectGraphs":true,"m_FxEnabled":false},"in2DMode":false,"pivot":{"x":-30.726579666137697,"y":18.285844802856447,"z":-18.727237701416017},"rotation":{"x":0.3736710250377655,"y":0.23091642558574677,"z":-0.09699775278568268,"w":0.8932287096977234},"size":12.461819648742676,"orthographic":false}