{"cameraMode":{"drawMode":0,"name":"Shaded","section":"Shading Mode"},"sceneLighting":true,"audioPlay":false,"sceneViewState":{"m_AlwaysRefresh":false,"showFog":true,"showSkybox":true,"showFlares":true,"showImageEffects":true,"showParticleSystems":true,"showVisualEffectGraphs":true,"m_FxEnabled":false},"in2DMode":false,"pivot":{"x":-20.2049617767334,"y":7.304253578186035,"z":27.958314895629884},"rotation":{"x":0.0024687580298632385,"y":-0.9579474329948425,"z":0.2872239351272583,"w":0.007012059446424246},"size":0.974821925163269,"orthographic":false}