{"cameraMode":{"drawMode":0,"name":"Shaded","section":"Shading Mode"},"sceneLighting":true,"audioPlay":false,"sceneViewState":{"m_AlwaysRefresh":false,"showFog":true,"showSkybox":true,"showFlares":true,"showImageEffects":true,"showParticleSystems":true,"showVisualEffectGraphs":true,"m_FxEnabled":false},"in2DMode":false,"pivot":{"x":-23.415719985961915,"y":24.616437911987306,"z":-28.892921447753908},"rotation":{"x":-0.34629079699516299,"y":-0.19341035187244416,"z":0.07352746278047562,"w":-0.9151644706726074},"size":0.974821925163269,"orthographic":false}